id,publish_date,title,url,language,media_name,media_url,indexed_date
43badf478017c9da5178f429c3aa50ba8931e7a080308edfdcddbfc4f37c3eff,2024-12-21,SADC: Symbolism or Substance?,https://www.thegazette.news/features/sadc-symbolism-or-substance/,en,thegazette.news,thegazette.news,2024-12-22 03:18:26.889881+00:00
562043bdfbcdeddd17a6628840e9c42a967aa70086c1d9cef5196026bb6284c2,2024-12-21,The Myth of Efficacious Work,https://www.thegazette.news/features/the-myth-of-efficacious-work/,en,thegazette.news,thegazette.news,2024-12-22 03:18:03.787547+00:00
56c99503a14d0dcc351819ed0367518e1e0c11a1551b18fa580d2123222eddb5,2024-12-16,Rising coach dismissals irk stakeholders,https://weekendpost.co.bw/rising-coach-dismissals-irk-stakeholders/,en,weekendpost.co.bw,weekendpost.co.bw,2024-12-16 14:23:44.790556+00:00
73ec9e82af7d16d68f25af97f0113765f28b8182c4e710ca892589e9ed78e928,2024-12-12,When Nature Turns Toxic: The Threat of Cyanobacterial Blooms in Botswana,https://www.thegazette.news/features/when-nature-turns-toxic-the-threat-of-cyanobacterial-blooms-in-botswana/,en,thegazette.news,thegazette.news,2024-12-12 18:23:52.139329+00:00
cb847f1d6e35c7c4a9edbc9b763c956cb1ec6e736ecb1faac64ef2f3692245d7,2024-12-12,Living Longer: What Adds Or Subtracts Years From Your Life?,https://www.thegazette.news/features/living-longer-what-adds-or-subtracts-years-from-your-life/,en,thegazette.news,thegazette.news,2024-12-12 18:23:30.923211+00:00
4ca4459bae2286d00e70021265b41d3a1c9cb169679b95fc44cce59a0bd96b22,2024-12-12,Discovering Koro River Camp: A Hidden Gem in the Tuli,https://www.thegazette.news/lifestyle/discovering-koro-river-camp-a-hidden-gem-in-the-tuli/,en,thegazette.news,thegazette.news,2024-12-12 12:25:19.536003+00:00
f69c9d29fbae71ab537eb6e49eaced4e8dfa8e72473460300c880ea3cc0dd857,2024-12-09,BDP regions blame Masisi for defeat – reject consultants,https://weekendpost.co.bw/bdp-regions-blame-masisi-for-defeat-reject-consultants/,en,weekendpost.co.bw,weekendpost.co.bw,2024-12-09 18:25:08.614662+00:00
599deea2562b4c8ccb352dc21bf15347657538bf28b0032257f4a703675a731c,2024-12-05,Understanding Botswana’s Persistent Droughts: How Are They Determined?,https://www.thegazette.news/features/understanding-botswanas-persistent-droughts-how-are-they-determined/,en,thegazette.news,thegazette.news,2024-12-05 22:22:33.120507+00:00
9557847be0ece64c46ee1ab4991253bd196a709996666df908b96515d552af9a,2024-12-05,Climate Change Conference (COP 29): Another Diplomatic Farce,https://www.thegazette.news/features/climate-change-conference-cop-29-another-diplomatic-farce/,en,thegazette.news,thegazette.news,2024-12-05 22:22:04.580061+00:00
da8a77c8f70b04ad7ecc8afeb90a5882985ee5668a9c82bdcacedf45fae99458,2024-12-02,Cautious optimism as Gaolathe pushes the case for a Green economy,https://www.sundaystandard.info/cautious-optimism-as-gaolathe-pushes-the-case-for-a-green-economy/,en,sundaystandard.info,sundaystandard.info,2024-12-02 12:18:44.808763+00:00
616b44a85ad5000383c740b5b8a10d58d0c7b2168c16f5f69aeee5a068855a0a,2024-11-29,Experts react to Boko's maiden SONA » TheVoiceBW,https://thevoicebw.com/experts-react-to-bokos-maiden-sona/,en,thevoicebw.com,thevoicebw.com,2024-11-29 16:34:20.819061+00:00
5246baa9dbb4a2873029af0b16ffdd2060542543a20a4ff9b72a218ee2e6a4c0,2024-11-28,The Price of Euphoria: Botswana’s Coming Austerity Reckoning,https://www.thegazette.news/features/the-price-of-euphoria-botswanas-coming-austerity-reckoning/,en,thegazette.news,thegazette.news,2024-11-28 20:20:30.193399+00:00
c7cf07ae8035f139c0550ed8d866b0f947d68430a8f57ac69147be91bb9344eb,2024-11-28,Boko keeps his cards close to his chest,https://businessweekly.co.bw/news/boko-keeps-his-cards-close-to-his-chest?utm_source=rss&utm_medium=rss&utm_campaign=boko-keeps-his-cards-close-to-his-chest,en,businessweekly.co.bw,businessweekly.co.bw,2024-11-28 19:31:07.541493+00:00
fcff62b1d82f3343fbdb8620f04d2267a390eedd78d940997aecb78e25bd09a1,2024-11-25,"COP is dead, long live COP",https://www.sundaystandard.info/cop-is-dead-long-live-cop/,en,sundaystandard.info,sundaystandard.info,2024-11-25 22:28:43.040865+00:00
c9e96f83e29a7623dce12eee5b6b5d74e5e40d3e07263d9e636cb0c4bfb5cdfc,2024-11-21,Nxabega Okavango: A Wildly Elegant Invitation to Disconnect,https://www.thegazette.news/lifestyle/nxabega-okavango-a-wildly-elegant-invitation-to-disconnect/,en,thegazette.news,thegazette.news,2024-11-21 00:21:38.073670+00:00
f4e739d3261eb738484d7cc17579c662ef16f08300c3d6b6ac71037a9ff2d1c2,2024-11-18,New Republican Agenda: “America First” in an Emerging Africa,https://www.thegazette.news/features/new-republican-agenda-america-first-in-an-emerging-africa/,en,thegazette.news,thegazette.news,2024-11-18 10:29:10.662090+00:00
497babed8b242ddcc8b80839c8777228d09726a4449e21e478fd156e384690d4,2024-11-14,Ndaba Gets His Moment at the Diamond table,https://businessweekly.co.bw/news/ndaba-gets-his-moment-at-the-diamond-table?utm_source=rss&utm_medium=rss&utm_campaign=ndaba-gets-his-moment-at-the-diamond-table,en,businessweekly.co.bw,businessweekly.co.bw,2024-11-14 11:32:18.193687+00:00
d924e86c81953a07df22906b03100384624e9e2d5236afe69801624a837714dd,2024-11-07,BoB Governor Represents Botswana at IMF-WBG Meetings,https://www.thegazette.news/business-2/bob-governor-represents-botswana-at-imf-wbg-meetings/,en,thegazette.news,thegazette.news,2024-11-07 19:31:44.382846+00:00
4dae54ac2e6613e5d8a22ed75382e1f5856a3468b4360afa8381bfc7644c8620,2024-11-07,Choppies Eyes Strategic Expansion in Botswana,https://www.thegazette.news/business-2/choppies-eyes-strategic-expansion-in-botswana/,en,thegazette.news,thegazette.news,2024-11-07 19:31:07.210737+00:00
8a026f2b3fe4ab55db33a2fa2433c4ac4d47fb790108b62cbec7ee432c3f1e98,2024-11-07,Botswana’s Peaceful Transition Is A Beacon for the World,https://www.thegazette.news/features/botswanas-peaceful-transition-is-a-beacon-for-the-world/,en,thegazette.news,thegazette.news,2024-11-07 19:29:20.410709+00:00
d75b726ff0b0fde64d5b2d47b308e664cdf42a2602073c9e3fb82fbb0ce15fc5,2024-11-04,GMO Debate in Africa: Why Botswana Needs a Nuanced Approach,https://www.thegazette.news/opinion/gmo-debate-in-africa-why-botswana-needs-a-nuanced-approach/,en,thegazette.news,thegazette.news,2024-11-04 21:25:56.584194+00:00
13ea61d216f8b6db8bc5c21fe761fcf973094b940a990bb1775502ec751f681d,2024-10-25,Botswana Congress Party (BCP) Manifesto Highlights,https://www.thegazette.news/features/botswana-congress-party-bcp-manifesto-highlights/,en,thegazette.news,thegazette.news,2024-10-25 21:29:33.991300+00:00
941a1170d2f4a571e98441f11333c3c44283c8e677dbd50c5e50077af9cb9675,2024-10-25,Powering Puma » TheVoiceBW,https://thevoicebw.com/powering-puma/,en,thevoicebw.com,thevoicebw.com,2024-10-25 09:28:16.526287+00:00
bf0f5d29f885f9f461f46417be24bd4bb0c831892f1477a4e9f92c701c550291,2024-10-17,Electioneering theatrics and the EV transition,https://businessweekly.co.bw/news/electioneering-theatrics-and-the-ev-transition?utm_source=rss&utm_medium=rss&utm_campaign=electioneering-theatrics-and-the-ev-transition,en,businessweekly.co.bw,businessweekly.co.bw,2024-10-17 21:30:34.290326+00:00
f637924a76eb1e24eaff969a7e7242e5efd89d7f80a6f0c58a936341b7ddac58,2024-10-10,Botswana develops AfCFTA implementation strategy,https://businessweekly.co.bw/news/botswana-develops-afcfta-implementation-strategy?utm_source=rss&utm_medium=rss&utm_campaign=botswana-develops-afcfta-implementation-strategy,en,businessweekly.co.bw,businessweekly.co.bw,2024-10-10 19:24:34.286970+00:00
15919164c2b79f8a7667e42166413cf3bd04031863a29a914ef9734e39282d6c,2024-10-07,The private sector should make it to the national honours list,https://www.sundaystandard.info/the-private-sector-should-make-it-to-the-national-honours-list/,en,sundaystandard.info,sundaystandard.info,2024-10-08 02:18:38.725540+00:00
2f94e0cac4eb787ea09a2f5985a932c78b44120d67b02d578c406e499924bec1,2024-10-07,Data – The New Diamonds,https://www.thegazette.news/features/diversification-data-the-new-diamonds/,en,thegazette.news,thegazette.news,2024-10-07 22:21:22.103131+00:00
e3976fce80d6acfb1b79af86e6e4fb1182fe385b68835ce8bcb8bed136ea704e,2024-10-04,Seneo Perry Dedicates Her Continental Queen of Africa Crown To Children’s Rights,https://www.thegazette.news/lifestyle/seneo-perry-dedicates-her-continental-queen-of-africa-crown-to-childrens-rights/,en,thegazette.news,thegazette.news,2024-10-04 14:31:40.866258+00:00
11b9243356c2788480b12b71c201e448ca661c86c55d203e5683982a1be2e4ad,2024-09-26,Absa Achieves 26% Growth in Profit Before Tax,https://www.thegazette.news/business-2/absa-achieves-26-growth-in-profit-before-tax/,en,thegazette.news,thegazette.news,2024-09-27 03:18:57.422414+00:00
07f3e5cdfdc08500d0f0c1b992eb34ff1d91bbd98fed4428fe338fdf54f3fd01,2024-09-26,UN Sec Gen Impressed With Botswana’s Climate Change Efforts,https://www.thegazette.news/news/un-sec-gen-impressed-with-botswanas-climate-change-efforts/,en,thegazette.news,thegazette.news,2024-09-26 21:20:49.562473+00:00
b56ebb86918ce702e14aa4a2c268c1e931fdea5344f51dd9394508341c33e47e,2024-09-26,Removing Party from Politics (Part Three): The Influence of AI on Future Governance Models: Moving Toward Rational Politics,https://www.thegazette.news/features/removing-party-from-politics-part-three-the-influence-of-ai-on-future-governance-models-moving-toward-rational-politics/,en,thegazette.news,thegazette.news,2024-09-26 15:18:58.383403+00:00
81ebbe6c8a89013769722e964bafbf6f95bd947ef57cd0f8f0cdd1d1a7543284,2024-09-20,Another 1MW enters national grid,https://thevoicebw.com/another-1mw-enters-national-grid/,en,thevoicebw.com,thevoicebw.com,2024-09-20 12:29:44.403626+00:00
51856f928035a72b78e5e109635d9b8f9fad7cc5c0ff5b0b1c4a82969a5e95b6,2024-09-19,Technical Review of Serowe Coal Bed Methane (CBM) Project,https://www.thegazette.news/features/technical-review-of-serowe-coal-bed-methane-cbm-project/,en,thegazette.news,thegazette.news,2024-09-20 02:26:17.888276+00:00
d9e28a69d033fcca6b1f52aafa71d9bb898edcf07463883532f4f138da75f068,2024-09-18,“Salt: Dreams Beyond Borders” is Yrneh Gabon’s Fusion of Science and Art,https://www.thegazette.news/uncategorized/salt-dreams-beyond-borders-is-yrneh-gabons-fusion-of-science-and-art/,en,thegazette.news,thegazette.news,2024-09-18 19:23:03.080612+00:00
41f33d64930b572cd3276650477fb6ee20a6398588d66cf6e7c0722344196212,2024-09-09,Xere brings the masses,https://thevoicebw.com/xere-brings-the-masses/,en,thevoicebw.com,thevoicebw.com,2024-09-09 12:30:29.749702+00:00
a0dd81dd7c30d61b222aaf8b28f93c44d6a385dfca20f53482024a2577a478d6,2024-09-05,REMOVING PARTY FROM POLITICS (Part One): Time to Bury Adversarial Politics,https://www.thegazette.news/features/removing-party-from-politics-part-one-time-to-bury-adversarial-politics/,en,thegazette.news,thegazette.news,2024-09-05 16:27:23.486192+00:00
feb11cc354eacefc1744c1f4c77fe3ab240c3e7aaef63dccca3a54e904cfa013,2024-08-23,Gov’t Is Boosting Solar Development to Transform Energy Supply – President,https://www.thegazette.news/news/govt-is-boosting-solar-development-to-transform-energy-supply-president/,en,thegazette.news,thegazette.news,2024-08-24 03:17:34.010448+00:00
7e628bb7c79b773adea76b862edf8edd404ef02136b7e4e3a4e107a2ad0f8dd3,2024-08-22,Trade Wars Loom (Part Two),https://www.thegazette.news/features/trade-wars-loom-part-two/,en,thegazette.news,thegazette.news,2024-08-22 20:22:50.220118+00:00
ad61ff016625e05d575a7c6daca433a9ed648ea79fe2f5e979e81e5bbe602231,2024-08-18,Issues Without Borders: Inching Along The Regional Integration Pathway,https://www.thegazette.news/news/issues-without-borders-inching-along-the-regional-integration-pathway/,en,thegazette.news,thegazette.news,2024-08-18 11:20:15.380765+00:00
f2fe40c5ae03d30c86f79f3680de21459f4cf78124bd84276d614468060a3dcb,2024-08-17,UDC promises bullet trains and mega-airport,https://thevoicebw.com/udc-promises-bullet-trains-and-mega-airport/,en,thevoicebw.com,thevoicebw.com,2024-08-17 18:18:08.124506+00:00
d64fa34de5cdbe3436041bc9f60bc1999db8d3a0c9c0a925ca014bbb5d320630,2024-08-16,Trade Wars Loom (Part One),https://www.thegazette.news/features/trade-wars-loom-part-one/,en,thegazette.news,thegazette.news,2024-08-16 20:30:13.831679+00:00
bce8501428010742b66de472258b8c5c4f4c2bb330c7e9475c0866c7881c0972,2024-08-13,Botswana plans to expand grain value chain,https://businessweekly.co.bw/news/botswana-plans-to-expand-grain-value-chain?utm_source=rss&utm_medium=rss&utm_campaign=botswana-plans-to-expand-grain-value-chain,en,businessweekly.co.bw,businessweekly.co.bw,2024-08-13 10:45:10.983636+00:00
01964081c489f20a6cfa4ad4d233f57ea02cc27a6f5907640a47c9c7ee795269,2024-08-12,HWPL’s decade of Global Commitment to Peace,https://thevoicebw.com/hwpls-decade-of-global-commitment-to-peace/,en,thevoicebw.com,thevoicebw.com,2024-08-12 15:18:51.160433+00:00
87a0134d27e34f7be3bff5156a1d7c96a5a5d13f32d2b8644f84a1de3c62badc,2024-08-08,The Underperformance of NDCs and their Role in Greenwashing: A Case Study of Botswana,https://www.thegazette.news/features/the-underperformance-of-ndcs-and-their-role-in-greenwashing-a-case-study-of-botswana/,en,thegazette.news,thegazette.news,2024-08-08 22:28:10.553640+00:00
e3d10fe772db2082f79c85ecb3dbef92c89c7f624b64cc31c4c2b78431c94f67,2024-08-01,The Duality of Botswana’s Green Ambitions: A Call for Coherence,https://www.thegazette.news/opinion/the-duality-of-botswanas-green-ambitions-a-call-for-coherence/,en,thegazette.news,thegazette.news,2024-08-02 00:21:40.187167+00:00
3010fb1cb618103c07a47d6c3ee871c8bb157f8198db1d74d2cd39b0c90a0744,2024-08-01,The Electric Revolution: Transforming Transport and Boosting Botswana’s Economy,https://www.thegazette.news/features/the-electric-revolution-transforming-transport-and-boosting-botswanas-economy/,en,thegazette.news,thegazette.news,2024-08-02 00:20:38.455818+00:00
5c1bb28c9616e99c640251090a9461daf33f044e4ff9254a5ec64ce8f480d77d,2024-07-31,Botswana still sitting on $137 Million AfDB loan,https://businessweekly.co.bw/news/botswana-still-sitting-on-137-million-afdb-loan?utm_source=rss&utm_medium=rss&utm_campaign=botswana-still-sitting-on-137-million-afdb-loan,en,businessweekly.co.bw,businessweekly.co.bw,2024-07-31 13:31:43.558776+00:00
0008f48a3fb09f1e01b9779769521eaed77dd8c5fb4142ea279b2754734753c2,2024-07-24,Carbon Sequestration: An Economic Opportunity for Africa,https://www.thegazette.news/features/carbon-sequestration-an-economic-opportunity-for-africa/,en,thegazette.news,thegazette.news,2024-07-24 15:21:35.714913+00:00
74cecef080e75712fa75dc258d01e7cc6335fee51f2bfbfcd0a6b5e1cd394cb5,2024-07-22,Sustainability Summit aligns profitability with positive environmental and social impact,https://businessweekly.co.bw/news/sustainability-summit-aligns-profitability-with-positive-environmental-and-social-impact?utm_source=rss&utm_medium=rss&utm_campaign=sustainability-summit-aligns-profitability-with-positive-environmental-and-social-impact,en,businessweekly.co.bw,businessweekly.co.bw,2024-07-22 23:38:26.074129+00:00
688cb27d9b266d4cae93ecce2caa96bd4d63dda85a9a9408b282d974ace44af0,2024-07-12,"Turnstar seeks to expand portfolio, looks to East Africa",https://businessweekly.co.bw/companies-markets/turnstar-seeks-to-expand-portfolio-looks-to-east-africa?utm_source=rss&utm_medium=rss&utm_campaign=turnstar-seeks-to-expand-portfolio-looks-to-east-africa,en,businessweekly.co.bw,businessweekly.co.bw,2024-07-12 11:23:59.697198+00:00
983eaab134e65cdfc149fdea19ca2ca6cea79a11182f4c746ce24aeff9ec4554,2024-07-12,FIA Flags 511 Suspicious Virtual Asset Transactions,https://businessweekly.co.bw/companies-markets/fia-flags-511-suspicious-virtual-asset-transactions?utm_source=rss&utm_medium=rss&utm_campaign=fia-flags-511-suspicious-virtual-asset-transactions,en,businessweekly.co.bw,businessweekly.co.bw,2024-07-12 11:23:49.468202+00:00
f0144ee3285a76a48ce8086a94ebda383fe631f288ccc2f34c002728f5fa0aba,2024-07-11,EU provides relief to drought-affected families in Botswana,https://www.sundaystandard.info/eu-provides-relief-to-drought-affected-families-in-botswana/,en,sundaystandard.info,sundaystandard.info,2024-07-11 22:29:00.138459+00:00
446657c566080d5ce8a434da908df8782b41719f27411bf78b80bf3763807b0c,2024-07-11,Perry to dazzle in Taiwan,https://thevoicebw.com/perry-to-dazzle-in-taiwan/,en,thevoicebw.com,thevoicebw.com,2024-07-11 15:29:48.841894+00:00
8b452433616138fd7a3770012fddd3dd084b32543740afbf3bf2c865c9ef0a19,2024-07-08,Sustainable Development Goals: A Lost Cause?,https://www.thegazette.news/features/sustainable-development-goals-a-lost-cause/,en,thegazette.news,thegazette.news,2024-07-09 05:21:17.008426+00:00
e8af5d482e4b6cee596acfb1b71c970b832144891a7116d4ab14016dd85ab678,2024-07-02,The World Bank needs to avoid mission creep,https://www.sundaystandard.info/the-world-bank-needs-to-avoid-mission-creep/,en,sundaystandard.info,sundaystandard.info,2024-07-02 13:18:19.337396+00:00
4f21936be7c79d55d2da96e5eeddeed08b06eb2bde22943224997f2d1258831a,2024-06-27,Greening the future with EU support,https://businessweekly.co.bw/in-business-with/greening-the-future-with-eu-support?utm_source=rss&utm_medium=rss&utm_campaign=greening-the-future-with-eu-support,en,businessweekly.co.bw,businessweekly.co.bw,2024-06-28 03:24:24.131808+00:00
ab63d5ff4fd2f9f16dbf288e2ae22e5b2e9f67f3d245a3c3fda54abaca6c58b8,2024-06-27,Copper demand Rises As Diamonds Decline,https://thevoicebw.com/copper-demand-rises-as-diamonds-decline/,en,thevoicebw.com,thevoicebw.com,2024-06-27 18:24:40.436055+00:00
b24759cae9a493031da42fedfb335e67e9a9a405f99dc4545e8edaf7996bb562,2024-06-25,Botswana moves up four places in global competitiveness ranking,https://businessweekly.co.bw/news/botswana-moves-up-four-places-in-global-competitiveness-ranking?utm_source=rss&utm_medium=rss&utm_campaign=botswana-moves-up-four-places-in-global-competitiveness-ranking,en,businessweekly.co.bw,businessweekly.co.bw,2024-06-26 03:24:39.311184+00:00
fd34b533e0fc59967f7ef6bd8adc5287b0296505877e9997d37a4f9d14745c65,2024-06-23,Climate change and peacebuilding: an emerging research agenda,https://www.sundaystandard.info/climate-change-and-peacebuilding-an-emerging-research-agenda/,en,sundaystandard.info,sundaystandard.info,2024-06-23 20:27:35.968096+00:00
8f5923d3a7a74d4e066e58009cc7c4b5bbf257b14c85df9d3af92e3522cb9d78,2024-06-19,Recycling Water – Botswana Gazette,https://www.thegazette.news/features/recycling-water/,en,thegazette.news,thegazette.news,2024-06-19 19:22:43.589897+00:00
720011112688742416e6cf2b8d9a0fea566aa1f201ed366e874405c48fb85c7c,2024-06-18,Achieving zero-carbon travel is for us all,https://businessweekly.co.bw/lifestyle/achieving-zero-carbon-travel-is-for-us-all?utm_source=rss&utm_medium=rss&utm_campaign=achieving-zero-carbon-travel-is-for-us-all,en,businessweekly.co.bw,businessweekly.co.bw,2024-06-19 03:23:13.319633+00:00
5057de3941016f376f419d7fce5b43d639797e60a97b464050453a32e12961e2,2024-06-13,Reassessing Climate Justice Beyond North-South Divides,https://www.thegazette.news/opinion/reassessing-climate-justice-beyond-north-south-divides/,en,thegazette.news,thegazette.news,2024-06-13 23:31:20.947535+00:00
4b3e237c17f9be7d729e6727539040abcf6fe46b2fe051714719bc49af1102f5,2024-06-12,Drought disaster » TheVoiceBW,https://thevoicebw.com/drought-disaster/,en,thevoicebw.com,thevoicebw.com,2024-06-12 12:20:05.571731+00:00
6a60e8f25280dbab92dae45bb4f8504b43ecca9473c989aad8a3c18f8e1c808e,2024-06-06,Orange Botswana Cultivates Green Culture through Sustainability Initiatives,https://businessweekly.co.bw/news/orange-botswana-cultivates-green-culture-through-sustainability-initiatives?utm_source=rss&utm_medium=rss&utm_campaign=orange-botswana-cultivates-green-culture-through-sustainability-initiatives,en,businessweekly.co.bw,businessweekly.co.bw,2024-06-07 03:22:14.146710+00:00
fea38ccd9ac310b72aad7ba342cafa96962f14664828281a963d33247ab7e28c,2024-05-29,Botswana’s flexed protectionist muscles,https://businessweekly.co.bw/news/botswanas-flexed-protectionist-muscles?utm_source=rss&utm_medium=rss&utm_campaign=botswanas-flexed-protectionist-muscles,en,businessweekly.co.bw,businessweekly.co.bw,2024-05-30 03:23:46.223303+00:00
fdd46b4e242aaaf6d82ed54d6fc3d31b4fe7c4dd0414c0d28e119a41e0846eb5,2024-05-22,Plotting Our Downfall,https://www.thegazette.news/opinion/plotting-our-downfall/,en,thegazette.news,thegazette.news,2024-05-22 14:36:22.791523+00:00
5edc5d855e80763023cddc0c8c455605d3c51eb1881a5aa12b5cdcead9ab338a,2024-05-20,El Nino-hit Southern Africa launches $5.5BN humanitarian appeal,https://www.mmegi.bw/news/el-nino-hit-southern-africa-launches-55bn-humanitarian-appeal/news,en,mmegi.bw,mmegi.bw,2024-05-22 01:26:55.693268+00:00
a2a37dec08c20c13ce3e4401a2bb8b4d80228ecaa7265d50eae1248e9c704c8e,2024-05-20,The Future of Mining Summit to solidify Botswana’s quest to become global player,https://businessweekly.co.bw/news/the-future-of-mining-summit-to-solidify-botswanas-quest-to-become-global-player?utm_source=rss&utm_medium=rss&utm_campaign=the-future-of-mining-summit-to-solidify-botswanas-quest-to-become-global-player,en,businessweekly.co.bw,businessweekly.co.bw,2024-05-21 03:22:49.814075+00:00
08f7bd9e56b12cf70f45252eea42cf9f7141350bab913c6fb85e5673bacf7a0a,2024-05-20,Global Health and Climate Change: Moving from Rhetoric to Action,https://www.sundaystandard.info/global-health-and-climate-change-moving-from-rhetoric-to-action/,en,sundaystandard.info,sundaystandard.info,2024-05-20 19:31:52.365826+00:00
92589d4e514381c7ae1ae8186be777837c1560a3887cd9a8f4c0b071159a73bc,2024-05-16,Understanding the Mis-Information Society,https://www.thegazette.news/features/understanding-the-mis-information-society/,en,thegazette.news,thegazette.news,2024-05-17 04:33:22.837769+00:00
336037aa5086abc636e696c0ff7f53ea5d4772cb47bb8896677699eebdf1932f,2024-05-16,Copper shines amidst global surge in demand,https://businessweekly.co.bw/companies-markets/copper-shines-amidst-global-surge-in-demand?utm_source=rss&utm_medium=rss&utm_campaign=copper-shines-amidst-global-surge-in-demand,en,businessweekly.co.bw,businessweekly.co.bw,2024-05-17 03:22:29.552671+00:00
a36a06e1a89e93a2562b135d825941876ed0aceb0d61601b5aaac2a202e29414,2024-05-11,A legend of the pen » TheVoiceBW,https://thevoicebw.com/a-legend-of-the-pen/,en,thevoicebw.com,thevoicebw.com,2024-05-11 09:23:00.690812+00:00
f32fea5950c74d306a41ad2c213359aefde8a4b98325fd984f8bdcf97773ee4c,2024-05-08,Tourism Vision Takes Flight,https://businessweekly.co.bw/news/tourism-vision-takes-flight?utm_source=rss&utm_medium=rss&utm_campaign=tourism-vision-takes-flight,en,businessweekly.co.bw,businessweekly.co.bw,2024-05-09 03:22:27.113255+00:00
ad84bcb9c0ebcfa394749b3deba3a3d0492f5e70e75b0b0f14c923fdc894d27a,2024-05-06,Final Phase of CBD Development: The Case for a Green and Liveable Space,https://www.thegazette.news/features/final-phase-of-cbd-development-the-case-for-a-green-and-liveable-space/,en,thegazette.news,thegazette.news,2024-05-07 04:35:38.617999+00:00
9ca59d482ca602295475d512fc39b856ea0fb90156a143e5be6328cc58f9a15c,2024-05-03,Botswana editors forum calls for greater inclusivity and consultation,https://www.mmegi.bw/news/botswana-editors-forum-calls-for-greater-inclusivity-and-consultation/news,en,mmegi.bw,mmegi.bw,2024-05-04 23:26:07.238445+00:00
d4459b4195f29f0bf2174cf20fcbc71e2a2a18357e2e58e17333e06cacf38ced,2024-05-04,Climate change: Botswana's biggest threat » TheVoiceBW,https://thevoicebw.com/climate-change-botswanas-biggest-threat/,en,thevoicebw.com,thevoicebw.com,2024-05-04 09:20:31.329413+00:00
8ba94ad3b7dcfaadaa6d81e48d0dc1623d5dfdc2ad9afffc51af38630fee94eb,2024-05-01,Copper demand on the rise,https://thevoicebw.com/copper-demand-on-the-rise/,en,thevoicebw.com,thevoicebw.com,2024-05-01 16:19:46.980116+00:00
55da172511344dc8099886b2e1678a5c66a1b27b07dc23e29fbbf855c0d9d0a5,2024-04-29,A New Era of Opportunity for MMG Limited and Botswana,https://businessweekly.co.bw/news/a-new-era-of-opportunity-for-mmg-limited-and-botswana?utm_source=rss&utm_medium=rss&utm_campaign=a-new-era-of-opportunity-for-mmg-limited-and-botswana,en,businessweekly.co.bw,businessweekly.co.bw,2024-04-30 07:27:27.104910+00:00
22280c7996f244f1eca6c9e4d7f60a2ff10a200818d79b86b695aaa15dddb68e,2024-04-25,RMB invest P105 million in Barloworld ESG project,https://thevoicebw.com/rmb-invest-p105-million-in-barloworld-esg-project/,en,thevoicebw.com,thevoicebw.com,2024-04-25 18:32:32.232917+00:00
b4d070da8f5c724532cd4907d29c3586fb3059287255b4a04741c158f8d32ce1,2024-04-25,The A1 Four Lane Project: Will this be another PPP failure or is there a way forward?,https://www.thegazette.news/analysis/the-a1-four-lane-project-will-this-be-another-ppp-failure-or-is-there-a-way-forward/,en,thegazette.news,thegazette.news,2024-04-25 10:38:35.268477+00:00
5bdc360cfc80012e025033900e2cd79899f8a3cba5e6f059222897951f2f0981,2024-04-24,Botswana hosts Japan-Africa Researchers,https://thevoicebw.com/botswana-hosts-japan-africa-researchers/,en,thevoicebw.com,thevoicebw.com,2024-04-25 01:22:45.774901+00:00
a7fbf3aa613d29836dc62fec9ac7007e2d5117ce8d055f9876eb0f2afeb32e61,2024-04-24,'Princess in Politics' plans grand coronation » TheVoiceBW,https://thevoicebw.com/princess-in-politics-plans-grand-coronation/,en,thevoicebw.com,thevoicebw.com,2024-04-24 23:42:44.957021+00:00
d6b2905729e4766aac3b31b4b5b72a7b7530fbd1a90bf2c4a21e69d1a8e683f0,2024-04-17,From green dreams to ecological nightmares: the Lobito Corridor's toll » TheVoiceBW,https://thevoicebw.com/from-green-dreams-to-ecological-nightmares-the-lobito-corridors-toll/,en,thevoicebw.com,thevoicebw.com,2024-04-19 03:24:00.939640+00:00
c9b4311d4b9d269f145783761a9608ce1e2e1bf2fab5bb3df9f4cbd1b45a4c77,2024-03-31,Climate change crisis,https://thevoicebw.com/climate-change-crisis/,en,thevoicebw.com,thevoicebw.com,2024-04-02 07:55:58.824482+00:00
c08b5f4b60c451d04618069c24141cfe8bab04a79e8dce9f714b1c9aa06e7b67,2024-03-20,Accelerating Regional Integration in the SADC REC,https://www.thegazette.news/features/accelerating-regional-integration-in-the-sadc-rec/,en,thegazette.news,thegazette.news,2024-03-22 12:07:32.433200+00:00
a67c8ad998d9fca118ef5d83e6ef39da20827da5af7025eabc03d16347717aac,2024-03-10,Struggling with the same old problems,https://thevoicebw.com/struggling-with-the-same-old-problems/,en,thevoicebw.com,thevoicebw.com,2024-03-12 01:53:23.386035+00:00
5316a4b81d86da6b728ca2f2e78520c2df947ab8e4a5fc31f3b8560a8a9f27c0,2024-03-06,Embracing Hydroponics As A Solution For Botswana’s Food Security Crisis,https://www.thegazette.news/features/embracing-hydroponics-as-a-solution-for-botswanas-food-security-crisis/,en,thegazette.news,thegazette.news,2024-03-08 08:56:27.539003+00:00
04ff4e8e1205a08f300c8db5f255b9e878ea4bc44481bf817a64701723918e3e,2024-03-06,LPG firms eye growth,https://www.mmegi.bw/business/lpg-firms-eye-growth/news,en,mmegi.bw,mmegi.bw,2024-03-08 03:20:38.139725+00:00
969cdb02d4c0f89c9129521e693b2466840d6df508058f7384e834eaa9a5d13c,2024-03-03,Botswana needs to work harder to attract and retain rich foreigners,https://www.sundaystandard.info/botswana-needs-to-work-harder-to-attract-and-retain-rich-foreigners/,en,sundaystandard.info,sundaystandard.info,2024-03-06 04:25:09.845632+00:00
b9e7a198304a2ec2f71e6253b732ebb92dc2cc8f8eccdacb3d662bb91c93f5b1,2024-02-28,Climate change sucks » TheVoiceBW,https://thevoicebw.com/climate-change-sucks/,en,thevoicebw.com,thevoicebw.com,2024-03-01 05:55:53.434616+00:00
a5b49cede42d09d18d4833077ac9316603a6d3de5104fb51bb06c20f6c21fcfa,2024-02-27,"RERA tackles energy deficit, decarbonisation debate",https://www.mmegi.bw/business/rera-tackles-energy-deficit-decarbonisation-debate/news,en,mmegi.bw,mmegi.bw,2024-02-29 06:50:44.458812+00:00
33b0047753dc8a07775a691f5cfa26a4130eae31ebdcd43772ec2d329fe83ed8,2024-02-20,Botswana reaffirms commitment to collaborate with AU member states,https://businessweekly.co.bw/news/botswana-reaffirms-commitment-to-collaborate-with-au-member-states?utm_source=rssutm_medium=rssutm_campaign=botswana-reaffirms-commitment-to-collaborate-with-au-member-states,en,businessweekly.co.bw,businessweekly.co.bw,2024-02-22 06:34:18.650238+00:00
495997e5974198dd5d0c40581f6b227ceebbb869ad38a77979a3a0146db9807c,2024-02-19,Voter motivation and beating apathy by Voters Speak,https://www.sundaystandard.info/voter-motivation-and-beating-apathy-by-voters-speak/,en,sundaystandard.info,sundaystandard.info,2024-02-21 06:00:08.479558+00:00
52f06570c3b43f85618de92ee070414451db88855f66421e1563048853740561,2024-02-16,Emeritus positions itself to capitalise on Mozambique’s gas investments,https://businessweekly.co.bw/in-business-with/emeritus-positions-itself-to-capitalise-on-mozambiques-gas-investments?utm_source=rss&utm_medium=rss&utm_campaign=emeritus-positions-itself-to-capitalise-on-mozambiques-gas-investments,en,businessweekly.co.bw,businessweekly.co.bw,2024-02-18 05:45:05.142876+00:00
f20170cf8417cdd56ca89a48ca8272a3e7f2df30986e1e2af0dbdc4c5bf2bcca,2024-02-14,ILLUSIONS OF WEALTH: Behind The Smokescreen of Economic Statistics,https://www.thegazette.news/features/illusions-of-wealth-behind-the-smokescreen-of-economic-statistics/,en,thegazette.news,thegazette.news,2024-02-16 05:56:33.515417+00:00
e84057d192a04d3977a6018e7c25f6fedf8027c42d0de572714546c451f88e47,2024-02-13,Climate funds remain elusive,https://www.sundaystandard.info/climate-funds-remain-elusive/,en,sundaystandard.info,sundaystandard.info,2024-02-15 08:14:39.177334+00:00
b03e0886f8b975367f1b8a3eb46cb6c5137136377870a540e39bebec93244fcc,2024-02-09,Local farmers still can’t meet demand despite ban,https://businessweekly.co.bw/news/local-farmers-still-cant-meet-demand-despite-ban?utm_source=rssutm_medium=rssutm_campaign=local-farmers-still-cant-meet-demand-despite-ban,en,businessweekly.co.bw,businessweekly.co.bw,2024-02-11 03:45:18.454664+00:00
1ae11692d6ef5ebd5db8c88d3dcd67300054d04f7d04698ca34da0cf89d8689b,2024-02-08,Spotlight Botswana – Botswana Gazette,https://www.thegazette.news/features/spotlight-botswana-2/,en,thegazette.news,thegazette.news,2024-02-10 04:40:48.355051+00:00
0d237a76b37e1cccfda9c95ab908e7ae1d2c6b471ff8342fcabeb4c97c58823c,2024-02-08,The Okavango Delta: Botswana’s Economic Saviour,https://www.thegazette.news/features/the-okavango-delta-botswanas-economic-saviour/,en,thegazette.news,thegazette.news,2024-02-10 04:40:47.423138+00:00
e9e4eeeb4b0943448eb1f0a6c40242377260233b7166a3cc2e017e6624f44ccf,2024-01-26,ABSA facilitate dialogue on unlocking Botswana's economic growth » TheVoiceBW,https://thevoicebw.com/absa-facilitate-dialogue-on-unlocking-botswanas-economic-growth/,en,thevoicebw.com,thevoicebw.com,2024-01-29 03:47:42+00:00
a701bebf5d2acdafd18a30b2d94c016a50754a05e7908405d3cecfc951bace94,2024-01-22,Heat-related deaths in Botswana could soar twentyfold by 2050 – WHO,https://www.sundaystandard.info/heat-related-deaths-in-botswana-could-soar-twentyfold-by-2050-who/,en,sundaystandard.info,sundaystandard.info,2024-01-24 08:43:54+00:00
1dd97c88ca32df12c37db0f59098a9a6ec0765b5e580ca5da7ea133ffef97e74,2024-01-03,2023 BUSINESS HIGHLIGHTS,https://www.weekendpost.co.bw/39156/business/2023-business-highlights/,en,weekendpost.co.bw,weekendpost.co.bw,2024-01-05 02:46:40+00:00
